TreeID,Date,Plot,Treatment,Species,midday_leaf_wc,TOD,tot_water_cont,water_pot,max_photo,stom_cond,Precip_mm,pulse_precip,Aspect_deg,Slope_deg,pulse,week
121,2020-06-29,12,45,pinon,63.125,Predawn,NA,NA,NA,NA,0,0,83,8,0,26
121,2020-06-29,12,45,pinon,63.125,Midday,49.06,NA,NA,NA,0,0,83,8,0,26
122,2020-06-29,12,45,pinon,63.85026738,Predawn,NA,NA,NA,NA,0,0,83,8,0,26
122,2020-06-29,12,45,pinon,63.85026738,Midday,51.55,NA,NA,NA,0,0,83,8,0,26
123,2020-06-29,12,45,pinon,66.62153013,Predawn,NA,NA,NA,NA,0,0,83,8,0,26
123,2020-06-29,12,45,pinon,66.62153013,Midday,51.86,NA,NA,NA,0,0,83,8,0,26
125,2020-06-29,12,45,pinon,65.34090909,Predawn,NA,NA,NA,NA,0,0,83,8,0,26
125,2020-06-29,12,45,pinon,65.34090909,Midday,51.89,NA,NA,NA,0,0,83,8,0,26
151,2020-06-29,15,75,pinon,59.14396887,Predawn,NA,NA,NA,NA,0,0,123,7,0,26
151,2020-06-29,15,75,pinon,59.14396887,Midday,49.42,NA,NA,NA,0,0,123,7,0,26
152,2020-06-29,15,75,pinon,68.94736842,Predawn,NA,NA,NA,NA,0,0,123,7,0,26
152,2020-06-29,15,75,pinon,68.94736842,Midday,52.63,NA,NA,NA,0,0,123,7,0,26
154,2020-06-29,15,75,pinon,64.3129771,Predawn,NA,NA,NA,NA,0,0,123,7,0,26
154,2020-06-29,15,75,pinon,64.3129771,Midday,51.91,NA,NA,NA,0,0,123,7,0,26
155,2020-06-29,15,75,pinon,62.06896552,Predawn,NA,NA,NA,NA,0,0,123,7,0,26
155,2020-06-29,15,75,pinon,62.06896552,Midday,50,NA,NA,NA,0,0,123,7,0,26
166,2020-06-29,16,0,pinon,64.56456456,Predawn,NA,NA,NA,NA,0,0,105,9,0,26
166,2020-06-29,16,0,pinon,64.56456456,Midday,51.95,NA,NA,NA,0,0,105,9,0,26
168,2020-06-29,16,0,pinon,61.69491525,Predawn,NA,NA,NA,NA,0,0,105,9,0,26
168,2020-06-29,16,0,pinon,61.69491525,Midday,51.53,NA,NA,NA,0,0,105,9,0,26
169,2020-06-29,16,0,pinon,65.48042705,Predawn,NA,NA,NA,NA,0,0,105,9,0,26
169,2020-06-29,16,0,pinon,65.48042705,Midday,51.6,NA,NA,NA,0,0,105,9,0,26
175,2020-06-29,17,90,pinon,60.78431373,Predawn,NA,NA,NA,NA,0,0,89,10,0,26
175,2020-06-29,17,90,pinon,60.78431373,Midday,50.45,NA,NA,NA,0,0,89,10,0,26
176,2020-06-29,17,90,pinon,58.72340426,Predawn,NA,NA,NA,NA,0,0,89,10,0,26
176,2020-06-29,17,90,pinon,58.72340426,Midday,49.36,NA,NA,NA,0,0,89,10,0,26
179,2020-06-29,17,90,pinon,61.1409396,Predawn,NA,NA,NA,NA,0,0,89,10,0,26
179,2020-06-29,17,90,pinon,61.1409396,Midday,49.93,NA,NA,NA,0,0,89,10,0,26
1611,2020-06-29,17,90,pinon,60.56910569,Predawn,NA,NA,NA,NA,0,0,89,10,0,26
1611,2020-06-29,17,90,pinon,60.56910569,Midday,49.19,NA,NA,NA,0,0,89,10,0,26
1712,2020-06-29,17,90,pinon,63.75176305,Predawn,NA,NA,NA,NA,0,0,89,10,0,26
1712,2020-06-29,17,90,pinon,63.75176305,Midday,49.08,NA,NA,NA,0,0,89,10,0,26
12J1,2020-06-29,12,45,juniper,39.42307692,Predawn,NA,NA,NA,NA,0,0,83,8,0,26
12J1,2020-06-29,12,45,juniper,39.42307692,Midday,34.62,NA,NA,NA,0,0,83,8,0,26
12J2,2020-06-29,12,45,juniper,41.69014085,Predawn,NA,NA,NA,NA,0,0,83,8,0,26
12J2,2020-06-29,12,45,juniper,41.69014085,Midday,38.03,NA,NA,NA,0,0,83,8,0,26
12J3,2020-06-29,12,45,juniper,44.24951267,Predawn,NA,NA,NA,NA,0,0,83,8,0,26
12J3,2020-06-29,12,45,juniper,44.24951267,Midday,35.87,NA,NA,NA,0,0,83,8,0,26
12J4,2020-06-29,12,45,juniper,42.49201278,Predawn,NA,NA,NA,NA,0,0,83,8,0,26
12J4,2020-06-29,12,45,juniper,42.49201278,Midday,39.3,NA,NA,NA,0,0,83,8,0,26
15J1,2020-06-29,15,75,juniper,42.46153846,Predawn,NA,NA,NA,NA,0,0,123,7,0,26
15J1,2020-06-29,15,75,juniper,42.46153846,Midday,37.08,NA,NA,NA,0,0,123,7,0,26
15J2,2020-06-29,15,75,juniper,44.91803279,Predawn,NA,NA,NA,NA,0,0,123,7,0,26
15J2,2020-06-29,15,75,juniper,44.91803279,Midday,38.69,NA,NA,NA,0,0,123,7,0,26
15J3,2020-06-29,15,75,juniper,42.72076372,Predawn,NA,NA,NA,NA,0,0,123,7,0,26
15J3,2020-06-29,15,75,juniper,42.72076372,Midday,38.9,NA,NA,NA,0,0,123,7,0,26
15J4,2020-06-29,15,75,juniper,43.87755102,Predawn,NA,NA,NA,NA,0,0,123,7,0,26
15J4,2020-06-29,15,75,juniper,43.87755102,Midday,39.07,NA,NA,NA,0,0,123,7,0,26
16J1,2020-06-29,16,0,juniper,47.38154613,Predawn,NA,NA,NA,NA,0,0,105,9,0,26
16J1,2020-06-29,16,0,juniper,47.38154613,Midday,45.14,NA,NA,NA,0,0,105,9,0,26
16J2,2020-06-29,16,0,juniper,44.00921659,Predawn,NA,NA,NA,NA,0,0,105,9,0,26
16J2,2020-06-29,16,0,juniper,44.00921659,Midday,39.4,NA,NA,NA,0,0,105,9,0,26
16J3,2020-06-29,16,0,juniper,47.20496894,Predawn,NA,NA,NA,NA,0,0,105,9,0,26
16J3,2020-06-29,16,0,juniper,47.20496894,Midday,39.34,NA,NA,NA,0,0,105,9,0,26
16J4,2020-06-29,16,0,juniper,45.36423841,Predawn,NA,NA,NA,NA,0,0,105,9,0,26
16J4,2020-06-29,16,0,juniper,45.36423841,Midday,41.56,NA,NA,NA,0,0,105,9,0,26
17J1,2020-06-29,17,90,juniper,45.63758389,Predawn,NA,NA,NA,NA,0,0,89,10,0,26
17J1,2020-06-29,17,90,juniper,45.63758389,Midday,40.1,NA,NA,NA,0,0,89,10,0,26
17J2,2020-06-29,17,90,juniper,45.74314574,Predawn,NA,NA,NA,NA,0,0,89,10,0,26
17J2,2020-06-29,17,90,juniper,45.74314574,Midday,40.26,NA,NA,NA,0,0,89,10,0,26
17J3,2020-06-29,17,90,juniper,42.8802589,Predawn,NA,NA,NA,NA,0,0,89,10,0,26
17J3,2020-06-29,17,90,juniper,42.8802589,Midday,40.13,NA,NA,NA,0,0,89,10,0,26
17J4,2020-06-29,17,90,juniper,43.12977099,Predawn,NA,NA,NA,NA,0,0,89,10,0,26
17J4,2020-06-29,17,90,juniper,43.12977099,Midday,39.12,NA,NA,NA,0,0,89,10,0,26
121,2020-07-01,12,45,pinon,62.52609603,Predawn,48.07,-2.2,NA,NA,0,0,83,8,0,27
121,2020-07-01,12,45,pinon,62.52609603,Midday,46.97,-2.6,NA,NA,0,0,83,8,0,27
122,2020-07-01,12,45,pinon,65.87677725,Predawn,48.69,-2.5,NA,NA,0,0,83,8,0,27
122,2020-07-01,12,45,pinon,65.87677725,Midday,48.1,-2.5,NA,NA,0,0,83,8,0,27
123,2020-07-01,12,45,pinon,68.34782609,Predawn,48.57,-2.4,NA,NA,0,0,83,8,0,27
123,2020-07-01,12,45,pinon,68.34782609,Midday,49.91,-2.4,NA,NA,0,0,83,8,0,27
125,2020-07-01,12,45,pinon,65.44502618,Predawn,47.36,-2.5,NA,NA,0,0,83,8,0,27
125,2020-07-01,12,45,pinon,65.44502618,Midday,47.25,-2.5,NA,NA,0,0,83,8,0,27
151,2020-07-01,15,75,pinon,65.60364465,Predawn,48.48,-2.4,NA,NA,0,0,123,7,0,27
151,2020-07-01,15,75,pinon,65.60364465,Midday,48.29,-2.5,NA,NA,0,0,123,7,0,27
152,2020-07-01,15,75,pinon,68.50746269,Predawn,50.64,-2.3,NA,NA,0,0,123,7,0,27
152,2020-07-01,15,75,pinon,68.50746269,Midday,48.36,-2.8,NA,NA,0,0,123,7,0,27
154,2020-07-01,15,75,pinon,63.23699422,Predawn,48.75,-2.4,NA,NA,0,0,123,7,0,27
154,2020-07-01,15,75,pinon,63.23699422,Midday,47.98,-2.5,NA,NA,0,0,123,7,0,27
155,2020-07-01,15,75,pinon,70,Predawn,48.28,-2.1,NA,NA,0,0,123,7,0,27
155,2020-07-01,15,75,pinon,70,Midday,47.12,-2.3,NA,NA,0,0,123,7,0,27
166,2020-07-01,16,0,pinon,63.13993174,Predawn,51.5,-1.6,NA,NA,0,0,105,9,0,27
166,2020-07-01,16,0,pinon,63.13993174,Midday,47.27,-2.4,NA,NA,0,0,105,9,0,27
168,2020-07-01,16,0,pinon,62.00814111,Predawn,48.39,-2,NA,NA,0,0,105,9,0,27
168,2020-07-01,16,0,pinon,62.00814111,Midday,58.07,-2.4,NA,NA,0,0,105,9,0,27
169,2020-07-01,16,0,pinon,62.87037037,Predawn,48.77,-2,NA,NA,0,0,105,9,0,27
169,2020-07-01,16,0,pinon,62.87037037,Midday,47.41,-1.9,NA,NA,0,0,105,9,0,27
175,2020-07-01,17,90,pinon,57.62260128,Predawn,44.43,-2,NA,NA,0,0,89,10,0,27
175,2020-07-01,17,90,pinon,57.62260128,Midday,46.8,-2,NA,NA,0,0,89,10,0,27
176,2020-07-01,17,90,pinon,65.96858639,Predawn,46.95,-2.5,NA,NA,0,0,89,10,0,27
176,2020-07-01,17,90,pinon,65.96858639,Midday,49.21,-2.6,NA,NA,0,0,89,10,0,27
179,2020-07-01,17,90,pinon,59.80861244,Predawn,47.25,-2.3,NA,NA,0,0,89,10,0,27
179,2020-07-01,17,90,pinon,59.80861244,Midday,49.76,-2.5,NA,NA,0,0,89,10,0,27
1611,2020-07-01,17,90,pinon,61.53846154,Predawn,45.93,NA,NA,NA,0,0,89,10,0,27
1611,2020-07-01,17,90,pinon,61.53846154,Midday,43.71,NA,NA,NA,0,0,89,10,0,27
1712,2020-07-01,17,90,pinon,59.5463138,Predawn,46.02,-2.3,NA,NA,0,0,89,10,0,27
1712,2020-07-01,17,90,pinon,59.5463138,Midday,46.88,-2.3,NA,NA,0,0,89,10,0,27
12J1,2020-07-01,12,45,juniper,41.52380952,Predawn,37.11,-4.9,NA,NA,0,0,83,8,0,27
12J1,2020-07-01,12,45,juniper,41.52380952,Midday,35.14,-5.2,NA,NA,0,0,83,8,0,27
12J2,2020-07-01,12,45,juniper,42.67326733,Predawn,36.46,-5.1,NA,NA,0,0,83,8,0,27
12J2,2020-07-01,12,45,juniper,42.67326733,Midday,35.45,-5.3,NA,NA,0,0,83,8,0,27
12J3,2020-07-01,12,45,juniper,49.43566591,Predawn,35.83,-4.8,NA,NA,0,0,83,8,0,27
12J3,2020-07-01,12,45,juniper,49.43566591,Midday,34.09,-5.1,NA,NA,0,0,83,8,0,27
12J4,2020-07-01,12,45,juniper,46.38157895,Predawn,38.8,-4.5,NA,NA,0,0,83,8,0,27
12J4,2020-07-01,12,45,juniper,46.38157895,Midday,37.5,-5.1,NA,NA,0,0,83,8,0,27
15J1,2020-07-01,15,75,juniper,44.723093,Predawn,35.85,-4.2,NA,NA,0,0,123,7,0,27
15J1,2020-07-01,15,75,juniper,44.723093,Midday,35.53,-4.8,NA,NA,0,0,123,7,0,27
15J2,2020-07-01,15,75,juniper,50.81018519,Predawn,38.27,-4.3,NA,NA,0,0,123,7,0,27
15J2,2020-07-01,15,75,juniper,50.81018519,Midday,37.27,-5.1,NA,NA,0,0,123,7,0,27
15J3,2020-07-01,15,75,juniper,45.63197026,Predawn,38.13,-4.2,NA,NA,0,0,123,7,0,27
15J3,2020-07-01,15,75,juniper,45.63197026,Midday,38.1,-4.4,NA,NA,0,0,123,7,0,27
15J4,2020-07-01,15,75,juniper,46.28820961,Predawn,39.2,-3.3,NA,NA,0,0,123,7,0,27
15J4,2020-07-01,15,75,juniper,46.28820961,Midday,38.43,-4.3,NA,NA,0,0,123,7,0,27
16J1,2020-07-01,16,0,juniper,49.76851852,Predawn,43.27,-2.6,NA,NA,0,0,105,9,0,27
16J1,2020-07-01,16,0,juniper,49.76851852,Midday,44.44,-3.5,NA,NA,0,0,105,9,0,27
16J2,2020-07-01,16,0,juniper,50,Predawn,42.32,-2.8,NA,NA,0,0,105,9,0,27
16J2,2020-07-01,16,0,juniper,50,Midday,39.73,-3.9,NA,NA,0,0,105,9,0,27
16J3,2020-07-01,16,0,juniper,51.69230769,Predawn,38.54,-3,NA,NA,0,0,105,9,0,27
16J3,2020-07-01,16,0,juniper,51.69230769,Midday,37.54,-4,NA,NA,0,0,105,9,0,27
16J4,2020-07-01,16,0,juniper,49.01719902,Predawn,40.81,-3.1,NA,NA,0,0,105,9,0,27
16J4,2020-07-01,16,0,juniper,49.01719902,Midday,39.8,-3.9,NA,NA,0,0,105,9,0,27
17J1,2020-07-01,17,90,juniper,50.12106538,Predawn,38.71,-3.9,NA,NA,0,0,89,10,0,27
17J1,2020-07-01,17,90,juniper,50.12106538,Midday,35.35,-5,NA,NA,0,0,89,10,0,27
17J2,2020-07-01,17,90,juniper,47.20087816,Predawn,38.2,-3.2,NA,NA,0,0,89,10,0,27
17J2,2020-07-01,17,90,juniper,47.20087816,Midday,37.76,-4.9,NA,NA,0,0,89,10,0,27
17J3,2020-07-01,17,90,juniper,46.49446494,Predawn,39.43,-3.4,NA,NA,0,0,89,10,0,27
17J3,2020-07-01,17,90,juniper,46.49446494,Midday,39.36,-4.3,NA,NA,0,0,89,10,0,27
17J4,2020-07-01,17,90,juniper,45.99198397,Predawn,39.24,-4,NA,NA,0,0,89,10,0,27
17J4,2020-07-01,17,90,juniper,45.99198397,Midday,37.78,-5.1,NA,NA,0,0,89,10,0,27
121,2020-07-03,12,45,pinon,63.22350846,Predawn,NA,NA,NA,NA,0.254,0.13970000000000002,83,8,0,27
121,2020-07-03,12,45,pinon,63.22350846,Midday,48.09,NA,NA,NA,0.254,0.13970000000000002,83,8,0,27
122,2020-07-03,12,45,pinon,59.19881306,Predawn,NA,NA,NA,NA,0.254,0.13970000000000002,83,8,0,27
122,2020-07-03,12,45,pinon,59.19881306,Midday,51.19,NA,NA,NA,0.254,0.13970000000000002,83,8,0,27
123,2020-07-03,12,45,pinon,65.7079646,Predawn,NA,NA,NA,NA,0.254,0.13970000000000002,83,8,0,27
123,2020-07-03,12,45,pinon,65.7079646,Midday,51.55,NA,NA,NA,0.254,0.13970000000000002,83,8,0,27
125,2020-07-03,12,45,pinon,64.57564576,Predawn,NA,NA,NA,NA,0.254,0.13970000000000002,83,8,0,27
125,2020-07-03,12,45,pinon,64.57564576,Midday,49.08,NA,NA,NA,0.254,0.13970000000000002,83,8,0,27
151,2020-07-03,15,75,pinon,59.25925926,Predawn,NA,NA,NA,NA,0.254,0.0635,123,7,0,27
151,2020-07-03,15,75,pinon,59.25925926,Midday,48.96,NA,NA,NA,0.254,0.0635,123,7,0,27
152,2020-07-03,15,75,pinon,67.37288136,Predawn,NA,NA,NA,NA,0.254,0.0635,123,7,0,27
152,2020-07-03,15,75,pinon,67.37288136,Midday,51.41,NA,NA,NA,0.254,0.0635,123,7,0,27
154,2020-07-03,15,75,pinon,62.45638521,Predawn,NA,NA,NA,NA,0.254,0.0635,123,7,0,27
154,2020-07-03,15,75,pinon,62.45638521,Midday,49.2,NA,NA,NA,0.254,0.0635,123,7,0,27
155,2020-07-03,15,75,pinon,65.11627907,Predawn,NA,NA,NA,NA,0.254,0.0635,123,7,0,27
155,2020-07-03,15,75,pinon,65.11627907,Midday,54.7,NA,NA,NA,0.254,0.0635,123,7,0,27
166,2020-07-03,16,0,pinon,64.65638149,Predawn,NA,NA,NA,NA,0.254,0.254,105,9,0,27
166,2020-07-03,16,0,pinon,64.65638149,Midday,50.77,NA,NA,NA,0.254,0.254,105,9,0,27
168,2020-07-03,16,0,pinon,62.25266362,Predawn,NA,NA,NA,NA,0.254,0.254,105,9,0,27
168,2020-07-03,16,0,pinon,62.25266362,Midday,51.45,NA,NA,NA,0.254,0.254,105,9,0,27
169,2020-07-03,16,0,pinon,64.69886702,Predawn,NA,NA,NA,NA,0.254,0.254,105,9,0,27
169,2020-07-03,16,0,pinon,64.69886702,Midday,50.33,NA,NA,NA,0.254,0.254,105,9,0,27
175,2020-07-03,17,90,pinon,58.96964121,Predawn,NA,NA,NA,NA,0.254,0.025399999999999995,89,10,0,27
175,2020-07-03,17,90,pinon,58.96964121,Midday,47.84,NA,NA,NA,0.254,0.025399999999999995,89,10,0,27
176,2020-07-03,17,90,pinon,57.30337079,Predawn,NA,NA,NA,NA,0.254,0.025399999999999995,89,10,0,27
176,2020-07-03,17,90,pinon,57.30337079,Midday,47.57,NA,NA,NA,0.254,0.025399999999999995,89,10,0,27
179,2020-07-03,17,90,pinon,59.82532751,Predawn,NA,NA,NA,NA,0.254,0.025399999999999995,89,10,0,27
179,2020-07-03,17,90,pinon,59.82532751,Midday,50.36,NA,NA,NA,0.254,0.025399999999999995,89,10,0,27
1611,2020-07-03,17,90,pinon,62.62295082,Predawn,NA,NA,NA,NA,0.254,0.025399999999999995,89,10,0,27
1611,2020-07-03,17,90,pinon,62.62295082,Midday,51.91,NA,NA,NA,0.254,0.025399999999999995,89,10,0,27
1712,2020-07-03,17,90,pinon,60.0308642,Predawn,NA,NA,NA,NA,0.254,0.025399999999999995,89,10,0,27
1712,2020-07-03,17,90,pinon,60.0308642,Midday,48.61,NA,NA,NA,0.254,0.025399999999999995,89,10,0,27
12J1,2020-07-03,12,45,juniper,42.760181,Predawn,NA,NA,NA,NA,0.254,0.13970000000000002,83,8,0,27
12J1,2020-07-03,12,45,juniper,42.760181,Midday,36.43,NA,NA,NA,0.254,0.13970000000000002,83,8,0,27
12J2,2020-07-03,12,45,juniper,39.76608187,Predawn,NA,NA,NA,NA,0.254,0.13970000000000002,83,8,0,27
12J2,2020-07-03,12,45,juniper,39.76608187,Midday,35.84,NA,NA,NA,0.254,0.13970000000000002,83,8,0,27
12J3,2020-07-03,12,45,juniper,42.85714286,Predawn,NA,NA,NA,NA,0.254,0.13970000000000002,83,8,0,27
12J3,2020-07-03,12,45,juniper,42.85714286,Midday,35.79,NA,NA,NA,0.254,0.13970000000000002,83,8,0,27
12J4,2020-07-03,12,45,juniper,49.30991217,Predawn,NA,NA,NA,NA,0.254,0.13970000000000002,83,8,0,27
12J4,2020-07-03,12,45,juniper,49.30991217,Midday,37.89,NA,NA,NA,0.254,0.13970000000000002,83,8,0,27
15J1,2020-07-03,15,75,juniper,44.84848485,Predawn,NA,NA,NA,NA,0.254,0.0635,123,7,0,27
15J1,2020-07-03,15,75,juniper,44.84848485,Midday,37.45,NA,NA,NA,0.254,0.0635,123,7,0,27
15J2,2020-07-03,15,75,juniper,45.70928196,Predawn,NA,NA,NA,NA,0.254,0.0635,123,7,0,27
15J2,2020-07-03,15,75,juniper,45.70928196,Midday,38.18,NA,NA,NA,0.254,0.0635,123,7,0,27
15J3,2020-07-03,15,75,juniper,43.25908558,Predawn,NA,NA,NA,NA,0.254,0.0635,123,7,0,27
15J3,2020-07-03,15,75,juniper,43.25908558,Midday,39.04,NA,NA,NA,0.254,0.0635,123,7,0,27
15J4,2020-07-03,15,75,juniper,48.36193448,Predawn,NA,NA,NA,NA,0.254,0.0635,123,7,0,27
15J4,2020-07-03,15,75,juniper,48.36193448,Midday,38.38,NA,NA,NA,0.254,0.0635,123,7,0,27
16J1,2020-07-03,16,0,juniper,47.57709251,Predawn,NA,NA,NA,NA,0.254,0.254,105,9,0,27
16J1,2020-07-03,16,0,juniper,47.57709251,Midday,44.71,NA,NA,NA,0.254,0.254,105,9,0,27
16J2,2020-07-03,16,0,juniper,47.18309859,Predawn,NA,NA,NA,NA,0.254,0.254,105,9,0,27
16J2,2020-07-03,16,0,juniper,47.18309859,Midday,40.14,NA,NA,NA,0.254,0.254,105,9,0,27
16J3,2020-07-03,16,0,juniper,48.26989619,Predawn,NA,NA,NA,NA,0.254,0.254,105,9,0,27
16J3,2020-07-03,16,0,juniper,48.26989619,Midday,42.39,NA,NA,NA,0.254,0.254,105,9,0,27
16J4,2020-07-03,16,0,juniper,47.06397897,Predawn,NA,NA,NA,NA,0.254,0.254,105,9,0,27
16J4,2020-07-03,16,0,juniper,47.06397897,Midday,41.19,NA,NA,NA,0.254,0.254,105,9,0,27
17J1,2020-07-03,17,90,juniper,46.8220339,Predawn,NA,NA,NA,NA,0.254,0.025399999999999995,89,10,0,27
17J1,2020-07-03,17,90,juniper,46.8220339,Midday,39.19,NA,NA,NA,0.254,0.025399999999999995,89,10,0,27
17J2,2020-07-03,17,90,juniper,47.51009421,Predawn,NA,NA,NA,NA,0.254,0.025399999999999995,89,10,0,27
17J2,2020-07-03,17,90,juniper,47.51009421,Midday,39.03,NA,NA,NA,0.254,0.025399999999999995,89,10,0,27
17J3,2020-07-03,17,90,juniper,46.22641509,Predawn,NA,NA,NA,NA,0.254,0.025399999999999995,89,10,0,27
17J3,2020-07-03,17,90,juniper,46.22641509,Midday,39.72,NA,NA,NA,0.254,0.025399999999999995,89,10,0,27
17J4,2020-07-03,17,90,juniper,41.25379171,Predawn,NA,NA,NA,NA,0.254,0.025399999999999995,89,10,0,27
17J4,2020-07-03,17,90,juniper,41.25379171,Midday,37.82,NA,NA,NA,0.254,0.025399999999999995,89,10,0,27
121,2020-07-08,12,45,pinon,60.34214619,Predawn,49.02,-2,NA,NA,0,0,83,8,0,28
121,2020-07-08,12,45,pinon,60.34214619,Midday,48.68,-2.1,NA,NA,0,0,83,8,0,28
122,2020-07-08,12,45,pinon,67.55447942,Predawn,51.02,-1.9,NA,NA,0,0,83,8,0,28
122,2020-07-08,12,45,pinon,67.55447942,Midday,49.64,-2.2,NA,NA,0,0,83,8,0,28
123,2020-07-08,12,45,pinon,61.26126126,Predawn,50,-2.2,NA,NA,0,0,83,8,0,28
123,2020-07-08,12,45,pinon,61.26126126,Midday,49.55,-2.1,NA,NA,0,0,83,8,0,28
125,2020-07-08,12,45,pinon,61.07226107,Predawn,50.11,-2.1,NA,NA,0,0,83,8,0,28
125,2020-07-08,12,45,pinon,61.07226107,Midday,46.62,-2.1,NA,NA,0,0,83,8,0,28
151,2020-07-08,15,75,pinon,60.38394415,Predawn,48,-2.2,NA,NA,0,0,123,7,0,28
151,2020-07-08,15,75,pinon,60.38394415,Midday,49.39,-2.3,NA,NA,0,0,123,7,0,28
152,2020-07-08,15,75,pinon,62.3246493,Predawn,49.08,-2.6,NA,NA,0,0,123,7,0,28
152,2020-07-08,15,75,pinon,62.3246493,Midday,43.89,-2.6,NA,NA,0,0,123,7,0,28
154,2020-07-08,15,75,pinon,63.94495413,Predawn,44.62,-2.5,NA,NA,0,0,123,7,0,28
154,2020-07-08,15,75,pinon,63.94495413,Midday,47.71,-2.5,NA,NA,0,0,123,7,0,28
155,2020-07-08,15,75,pinon,61.98083067,Predawn,48.51,-2,NA,NA,0,0,123,7,0,28
155,2020-07-08,15,75,pinon,61.98083067,Midday,48.46,-2,NA,NA,0,0,123,7,0,28
166,2020-07-08,16,0,pinon,60.71428571,Predawn,46.07,-1.9,NA,NA,0,0,105,9,0,28
166,2020-07-08,16,0,pinon,60.71428571,Midday,50.26,-1.9,NA,NA,0,0,105,9,0,28
168,2020-07-08,16,0,pinon,65.15957447,Predawn,45.26,-2,NA,NA,0,0,105,9,0,28
168,2020-07-08,16,0,pinon,65.15957447,Midday,52.13,-2,NA,NA,0,0,105,9,0,28
169,2020-07-08,16,0,pinon,63.96011396,Predawn,49.06,-2.2,NA,NA,0,0,105,9,0,28
169,2020-07-08,16,0,pinon,63.96011396,Midday,45.01,-2.2,NA,NA,0,0,105,9,0,28
175,2020-07-08,17,90,pinon,55.51181102,Predawn,46.01,-1.9,NA,NA,0,0,89,10,0,28
175,2020-07-08,17,90,pinon,55.51181102,Midday,43.04,-1.9,NA,NA,0,0,89,10,0,28
176,2020-07-08,17,90,pinon,58.77080666,Predawn,49.25,-2.2,NA,NA,0,0,89,10,0,28
176,2020-07-08,17,90,pinon,58.77080666,Midday,48.14,-2.3,NA,NA,0,0,89,10,0,28
179,2020-07-08,17,90,pinon,63.04347826,Predawn,49.42,-2.2,NA,NA,0,0,89,10,0,28
179,2020-07-08,17,90,pinon,63.04347826,Midday,46.25,-2.4,NA,NA,0,0,89,10,0,28
1611,2020-07-08,17,90,pinon,59.62441315,Predawn,48.67,NA,NA,NA,0,0,89,10,0,28
1611,2020-07-08,17,90,pinon,59.62441315,Midday,47.42,NA,NA,NA,0,0,89,10,0,28
1712,2020-07-08,17,90,pinon,61.83006536,Predawn,48.08,-2.1,NA,NA,0,0,89,10,0,28
1712,2020-07-08,17,90,pinon,61.83006536,Midday,47.58,-2.1,NA,NA,0,0,89,10,0,28
12J1,2020-07-08,12,45,juniper,45.19230769,Predawn,34.01,-5.5,NA,NA,0,0,83,8,0,28
12J1,2020-07-08,12,45,juniper,45.19230769,Midday,35.03,-5,NA,NA,0,0,83,8,0,28
12J2,2020-07-08,12,45,juniper,41.89349112,Predawn,38.45,-5.7,NA,NA,0,0,83,8,0,28
12J2,2020-07-08,12,45,juniper,41.89349112,Midday,34.56,-5.5,NA,NA,0,0,83,8,0,28
12J3,2020-07-08,12,45,juniper,46.59340659,Predawn,33.1,-5.2,NA,NA,0,0,83,8,0,28
12J3,2020-07-08,12,45,juniper,46.59340659,Midday,34.51,-5.5,NA,NA,0,0,83,8,0,28
12J4,2020-07-08,12,45,juniper,48.24016563,Predawn,38.15,-4.9,NA,NA,0,0,83,8,0,28
12J4,2020-07-08,12,45,juniper,48.24016563,Midday,39.54,-4.6,NA,NA,0,0,83,8,0,28
15J1,2020-07-08,15,75,juniper,47.04184704,Predawn,36.89,-4.8,NA,NA,0,0,123,7,0,28
15J1,2020-07-08,15,75,juniper,47.04184704,Midday,38.82,-4.8,NA,NA,0,0,123,7,0,28
15J2,2020-07-08,15,75,juniper,50.27237354,Predawn,39.33,-4.6,NA,NA,0,0,123,7,0,28
15J2,2020-07-08,15,75,juniper,50.27237354,Midday,38.91,-4.7,NA,NA,0,0,123,7,0,28
15J3,2020-07-08,15,75,juniper,39.47368421,Predawn,37.52,-4.4,NA,NA,0,0,123,7,0,28
15J3,2020-07-08,15,75,juniper,39.47368421,Midday,34.45,-4.4,NA,NA,0,0,123,7,0,28
15J4,2020-07-08,15,75,juniper,39.01345291,Predawn,38.69,-3.7,NA,NA,0,0,123,7,0,28
15J4,2020-07-08,15,75,juniper,39.01345291,Midday,26.46,-3.8,NA,NA,0,0,123,7,0,28
16J1,2020-07-08,16,0,juniper,51.298027,Predawn,42.47,-3.1,NA,NA,0,0,105,9,0,28
16J1,2020-07-08,16,0,juniper,51.298027,Midday,45.28,-3.5,NA,NA,0,0,105,9,0,28
16J2,2020-07-08,16,0,juniper,36.51877133,Predawn,40.18,-3.3,NA,NA,0,0,105,9,0,28
16J2,2020-07-08,16,0,juniper,36.51877133,Midday,29.35,-3.4,NA,NA,0,0,105,9,0,28
16J3,2020-07-08,16,0,juniper,48.71794872,Predawn,39.72,-3.8,NA,NA,0,0,105,9,0,28
16J3,2020-07-08,16,0,juniper,48.71794872,Midday,37.95,-3.8,NA,NA,0,0,105,9,0,28
16J4,2020-07-08,16,0,juniper,48.52484472,Predawn,40,-3.6,NA,NA,0,0,105,9,0,28
16J4,2020-07-08,16,0,juniper,48.52484472,Midday,38.66,-3.8,NA,NA,0,0,105,9,0,28
17J1,2020-07-08,17,90,juniper,48.19897084,Predawn,41.47,-4.6,NA,NA,0,0,89,10,0,28
17J1,2020-07-08,17,90,juniper,48.19897084,Midday,40.14,-4.9,NA,NA,0,0,89,10,0,28
17J2,2020-07-08,17,90,juniper,55.03144654,Predawn,42.86,-3.6,NA,NA,0,0,89,10,0,28
17J2,2020-07-08,17,90,juniper,55.03144654,Midday,39.31,-3.8,NA,NA,0,0,89,10,0,28
17J3,2020-07-08,17,90,juniper,47.4,Predawn,40.78,-3.8,NA,NA,0,0,89,10,0,28
17J3,2020-07-08,17,90,juniper,47.4,Midday,38.4,-3.8,NA,NA,0,0,89,10,0,28
17J4,2020-07-08,17,90,juniper,50.70063694,Predawn,39.14,-4.5,NA,NA,0,0,89,10,0,28
17J4,2020-07-08,17,90,juniper,50.70063694,Midday,38.6,-4.8,NA,NA,0,0,89,10,0,28
121,2020-07-10,12,45,pinon,61.43695015,Predawn,NA,NA,NA,NA,0,0,83,8,0,28
121,2020-07-10,12,45,pinon,61.43695015,Midday,50.73,NA,NA,NA,0,0,83,8,0,28
122,2020-07-10,12,45,pinon,60.3988604,Predawn,NA,NA,NA,NA,0,0,83,8,0,28
122,2020-07-10,12,45,pinon,60.3988604,Midday,50.81,NA,NA,NA,0,0,83,8,0,28
123,2020-07-10,12,45,pinon,60.49751244,Predawn,NA,NA,NA,NA,0,0,83,8,0,28
123,2020-07-10,12,45,pinon,60.49751244,Midday,47.16,NA,NA,NA,0,0,83,8,0,28
125,2020-07-10,12,45,pinon,48.13953488,Predawn,NA,NA,NA,NA,0,0,83,8,0,28
125,2020-07-10,12,45,pinon,48.13953488,Midday,35.35,NA,NA,NA,0,0,83,8,0,28
151,2020-07-10,15,75,pinon,57.38705739,Predawn,NA,NA,NA,NA,0,0,123,7,0,28
151,2020-07-10,15,75,pinon,57.38705739,Midday,43.83,NA,NA,NA,0,0,123,7,0,28
152,2020-07-10,15,75,pinon,58.18181818,Predawn,NA,NA,NA,NA,0,0,123,7,0,28
152,2020-07-10,15,75,pinon,58.18181818,Midday,42,NA,NA,NA,0,0,123,7,0,28
154,2020-07-10,15,75,pinon,50.62972292,Predawn,NA,NA,NA,NA,0,0,123,7,0,28
154,2020-07-10,15,75,pinon,50.62972292,Midday,35.01,NA,NA,NA,0,0,123,7,0,28
155,2020-07-10,15,75,pinon,61.40567201,Predawn,NA,NA,NA,NA,0,0,123,7,0,28
155,2020-07-10,15,75,pinon,61.40567201,Midday,50.43,NA,NA,NA,0,0,123,7,0,28
166,2020-07-10,16,0,pinon,57.02811245,Predawn,NA,NA,NA,NA,0,0,105,9,0,28
166,2020-07-10,16,0,pinon,57.02811245,Midday,39.56,NA,NA,NA,0,0,105,9,0,28
168,2020-07-10,16,0,pinon,58.61070912,Predawn,NA,NA,NA,NA,0,0,105,9,0,28
168,2020-07-10,16,0,pinon,58.61070912,Midday,43.85,NA,NA,NA,0,0,105,9,0,28
169,2020-07-10,16,0,pinon,59.92907801,Predawn,NA,NA,NA,NA,0,0,105,9,0,28
169,2020-07-10,16,0,pinon,59.92907801,Midday,47.07,NA,NA,NA,0,0,105,9,0,28
175,2020-07-10,17,90,pinon,50.69551777,Predawn,NA,NA,NA,NA,0,0,89,10,0,28
175,2020-07-10,17,90,pinon,50.69551777,Midday,44.36,NA,NA,NA,0,0,89,10,0,28
176,2020-07-10,17,90,pinon,55.12820513,Predawn,NA,NA,NA,NA,0,0,89,10,0,28
176,2020-07-10,17,90,pinon,55.12820513,Midday,42.63,NA,NA,NA,0,0,89,10,0,28
179,2020-07-10,17,90,pinon,51.76252319,Predawn,NA,NA,NA,NA,0,0,89,10,0,28
179,2020-07-10,17,90,pinon,51.76252319,Midday,38.78,NA,NA,NA,0,0,89,10,0,28
1611,2020-07-10,17,90,pinon,57.08061002,Predawn,NA,NA,NA,NA,0,0,89,10,0,28
1611,2020-07-10,17,90,pinon,57.08061002,Midday,43.25,NA,NA,NA,0,0,89,10,0,28
1712,2020-07-10,17,90,pinon,56.82210708,Predawn,NA,NA,NA,NA,0,0,89,10,0,28
1712,2020-07-10,17,90,pinon,56.82210708,Midday,44.82,NA,NA,NA,0,0,89,10,0,28
12J1,2020-07-10,12,45,juniper,39.84962406,Predawn,NA,NA,NA,NA,0,0,83,8,0,28
12J1,2020-07-10,12,45,juniper,39.84962406,Midday,35.66,NA,NA,NA,0,0,83,8,0,28
12J2,2020-07-10,12,45,juniper,38.46872082,Predawn,NA,NA,NA,NA,0,0,83,8,0,28
12J2,2020-07-10,12,45,juniper,38.46872082,Midday,33.33,NA,NA,NA,0,0,83,8,0,28
12J3,2020-07-10,12,45,juniper,42.05128205,Predawn,NA,NA,NA,NA,0,0,83,8,0,28
12J3,2020-07-10,12,45,juniper,42.05128205,Midday,30.6,NA,NA,NA,0,0,83,8,0,28
12J4,2020-07-10,12,45,juniper,46.01449275,Predawn,NA,NA,NA,NA,0,0,83,8,0,28
12J4,2020-07-10,12,45,juniper,46.01449275,Midday,36.05,NA,NA,NA,0,0,83,8,0,28
15J1,2020-07-10,15,75,juniper,35.5036855,Predawn,NA,NA,NA,NA,0,0,123,7,0,28
15J1,2020-07-10,15,75,juniper,35.5036855,Midday,28.62,NA,NA,NA,0,0,123,7,0,28
15J2,2020-07-10,15,75,juniper,38.67647059,Predawn,NA,NA,NA,NA,0,0,123,7,0,28
15J2,2020-07-10,15,75,juniper,38.67647059,Midday,27.65,NA,NA,NA,0,0,123,7,0,28
15J3,2020-07-10,15,75,juniper,34.6728972,Predawn,NA,NA,NA,NA,0,0,123,7,0,28
15J3,2020-07-10,15,75,juniper,34.6728972,Midday,31.5,NA,NA,NA,0,0,123,7,0,28
15J4,2020-07-10,15,75,juniper,34.14239482,Predawn,NA,NA,NA,NA,0,0,123,7,0,28
15J4,2020-07-10,15,75,juniper,34.14239482,Midday,27.83,NA,NA,NA,0,0,123,7,0,28
16J1,2020-07-10,16,0,juniper,47.33333333,Predawn,NA,NA,NA,NA,0,0,105,9,0,28
16J1,2020-07-10,16,0,juniper,47.33333333,Midday,40.89,NA,NA,NA,0,0,105,9,0,28
16J2,2020-07-10,16,0,juniper,47.21407625,Predawn,NA,NA,NA,NA,0,0,105,9,0,28
16J2,2020-07-10,16,0,juniper,47.21407625,Midday,35.04,NA,NA,NA,0,0,105,9,0,28
16J3,2020-07-10,16,0,juniper,44.4668008,Predawn,NA,NA,NA,NA,0,0,105,9,0,28
16J3,2020-07-10,16,0,juniper,44.4668008,Midday,37.93,NA,NA,NA,0,0,105,9,0,28
16J4,2020-07-10,16,0,juniper,45.951417,Predawn,NA,NA,NA,NA,0,0,105,9,0,28
16J4,2020-07-10,16,0,juniper,45.951417,Midday,40.18,NA,NA,NA,0,0,105,9,0,28
17J1,2020-07-10,17,90,juniper,41.36513158,Predawn,NA,NA,NA,NA,0,0,89,10,0,28
17J1,2020-07-10,17,90,juniper,41.36513158,Midday,34.29,NA,NA,NA,0,0,89,10,0,28
17J2,2020-07-10,17,90,juniper,36.48,Predawn,NA,NA,NA,NA,0,0,89,10,0,28
17J2,2020-07-10,17,90,juniper,36.48,Midday,28.96,NA,NA,NA,0,0,89,10,0,28
17J3,2020-07-10,17,90,juniper,33.7890625,Predawn,NA,NA,NA,NA,0,0,89,10,0,28
17J3,2020-07-10,17,90,juniper,33.7890625,Midday,25.98,NA,NA,NA,0,0,89,10,0,28
17J4,2020-07-10,17,90,juniper,39.03318903,Predawn,NA,NA,NA,NA,0,0,89,10,0,28
17J4,2020-07-10,17,90,juniper,39.03318903,Midday,32.54,NA,NA,NA,0,0,89,10,0,28
121,2020-07-13,12,45,pinon,58.98366606,Predawn,NA,NA,NA,NA,0,0,83,8,0,28
121,2020-07-13,12,45,pinon,58.98366606,Midday,47.46,NA,NA,NA,0,0,83,8,0,28
122,2020-07-13,12,45,pinon,59.97706422,Predawn,NA,NA,NA,NA,0,0,83,8,0,28
122,2020-07-13,12,45,pinon,59.97706422,Midday,50.57,NA,NA,NA,0,0,83,8,0,28
123,2020-07-13,12,45,pinon,61.97916667,Predawn,NA,NA,NA,NA,0,0,83,8,0,28
123,2020-07-13,12,45,pinon,61.97916667,Midday,51.77,NA,NA,NA,0,0,83,8,0,28
125,2020-07-13,12,45,pinon,64.60268318,Predawn,NA,NA,NA,NA,0,0,83,8,0,28
125,2020-07-13,12,45,pinon,64.60268318,Midday,48.3,NA,NA,NA,0,0,83,8,0,28
151,2020-07-13,15,75,pinon,59.73782772,Predawn,NA,NA,NA,NA,0,0,123,7,0,28
151,2020-07-13,15,75,pinon,59.73782772,Midday,50.37,NA,NA,NA,0,0,123,7,0,28
152,2020-07-13,15,75,pinon,65.85820896,Predawn,NA,NA,NA,NA,0,0,123,7,0,28
152,2020-07-13,15,75,pinon,65.85820896,Midday,52.52,NA,NA,NA,0,0,123,7,0,28
154,2020-07-13,15,75,pinon,66.70071502,Predawn,NA,NA,NA,NA,0,0,123,7,0,28
154,2020-07-13,15,75,pinon,66.70071502,Midday,49.34,NA,NA,NA,0,0,123,7,0,28
155,2020-07-13,15,75,pinon,64.71774194,Predawn,NA,NA,NA,NA,0,0,123,7,0,28
155,2020-07-13,15,75,pinon,64.71774194,Midday,51.31,NA,NA,NA,0,0,123,7,0,28
166,2020-07-13,16,0,pinon,58.01687764,Predawn,NA,NA,NA,NA,0,0,105,9,0,28
166,2020-07-13,16,0,pinon,58.01687764,Midday,47.89,NA,NA,NA,0,0,105,9,0,28
168,2020-07-13,16,0,pinon,65.48913043,Predawn,NA,NA,NA,NA,0,0,105,9,0,28
168,2020-07-13,16,0,pinon,65.48913043,Midday,53.13,NA,NA,NA,0,0,105,9,0,28
169,2020-07-13,16,0,pinon,61.93293886,Predawn,NA,NA,NA,NA,0,0,105,9,0,28
169,2020-07-13,16,0,pinon,61.93293886,Midday,50.69,NA,NA,NA,0,0,105,9,0,28
175,2020-07-13,17,90,pinon,64.73629783,Predawn,NA,NA,NA,NA,0,0,89,10,0,28
175,2020-07-13,17,90,pinon,64.73629783,Midday,47.78,NA,NA,NA,0,0,89,10,0,28
176,2020-07-13,17,90,pinon,58.49282297,Predawn,NA,NA,NA,NA,0,0,89,10,0,28
176,2020-07-13,17,90,pinon,58.49282297,Midday,47.85,NA,NA,NA,0,0,89,10,0,28
179,2020-07-13,17,90,pinon,58.11965812,Predawn,NA,NA,NA,NA,0,0,89,10,0,28
179,2020-07-13,17,90,pinon,58.11965812,Midday,49.86,NA,NA,NA,0,0,89,10,0,28
1611,2020-07-13,17,90,pinon,60.39387309,Predawn,NA,NA,NA,NA,0,0,89,10,0,28
1611,2020-07-13,17,90,pinon,60.39387309,Midday,51.09,NA,NA,NA,0,0,89,10,0,28
1712,2020-07-13,17,90,pinon,61.49553571,Predawn,NA,NA,NA,NA,0,0,89,10,0,28
1712,2020-07-13,17,90,pinon,61.49553571,Midday,50.11,NA,NA,NA,0,0,89,10,0,28
12J1,2020-07-13,12,45,juniper,40.54054054,Predawn,NA,NA,NA,NA,0,0,83,8,0,28
12J1,2020-07-13,12,45,juniper,40.54054054,Midday,35.81,NA,NA,NA,0,0,83,8,0,28
12J2,2020-07-13,12,45,juniper,41.99134199,Predawn,NA,NA,NA,NA,0,0,83,8,0,28
12J2,2020-07-13,12,45,juniper,41.99134199,Midday,34.52,NA,NA,NA,0,0,83,8,0,28
12J3,2020-07-13,12,45,juniper,47.71167048,Predawn,NA,NA,NA,NA,0,0,83,8,0,28
12J3,2020-07-13,12,45,juniper,47.71167048,Midday,34.55,NA,NA,NA,0,0,83,8,0,28
12J4,2020-07-13,12,45,juniper,50.89285714,Predawn,NA,NA,NA,NA,0,0,83,8,0,28
12J4,2020-07-13,12,45,juniper,50.89285714,Midday,37.8,NA,NA,NA,0,0,83,8,0,28
15J1,2020-07-13,15,75,juniper,40.95744681,Predawn,NA,NA,NA,NA,0,0,123,7,0,28
15J1,2020-07-13,15,75,juniper,40.95744681,Midday,35.77,NA,NA,NA,0,0,123,7,0,28
15J2,2020-07-13,15,75,juniper,43.91217565,Predawn,NA,NA,NA,NA,0,0,123,7,0,28
15J2,2020-07-13,15,75,juniper,43.91217565,Midday,37.13,NA,NA,NA,0,0,123,7,0,28
15J3,2020-07-13,15,75,juniper,43.56589147,Predawn,NA,NA,NA,NA,0,0,123,7,0,28
15J3,2020-07-13,15,75,juniper,43.56589147,Midday,38.6,NA,NA,NA,0,0,123,7,0,28
15J4,2020-07-13,15,75,juniper,42.97635605,Predawn,NA,NA,NA,NA,0,0,123,7,0,28
15J4,2020-07-13,15,75,juniper,42.97635605,Midday,38.39,NA,NA,NA,0,0,123,7,0,28
16J1,2020-07-13,16,0,juniper,49.62406015,Predawn,NA,NA,NA,NA,0,0,105,9,0,28
16J1,2020-07-13,16,0,juniper,49.62406015,Midday,41.85,NA,NA,NA,0,0,105,9,0,28
16J2,2020-07-13,16,0,juniper,44.95747266,Predawn,NA,NA,NA,NA,0,0,105,9,0,28
16J2,2020-07-13,16,0,juniper,44.95747266,Midday,39.37,NA,NA,NA,0,0,105,9,0,28
16J3,2020-07-13,16,0,juniper,48.50615114,Predawn,NA,NA,NA,NA,0,0,105,9,0,28
16J3,2020-07-13,16,0,juniper,48.50615114,Midday,39.72,NA,NA,NA,0,0,105,9,0,28
16J4,2020-07-13,16,0,juniper,44.59102902,Predawn,NA,NA,NA,NA,0,0,105,9,0,28
16J4,2020-07-13,16,0,juniper,44.59102902,Midday,37.99,NA,NA,NA,0,0,105,9,0,28
17J1,2020-07-13,17,90,juniper,46.95767196,Predawn,NA,NA,NA,NA,0,0,89,10,0,28
17J1,2020-07-13,17,90,juniper,46.95767196,Midday,39.55,NA,NA,NA,0,0,89,10,0,28
17J2,2020-07-13,17,90,juniper,45.45454545,Predawn,NA,NA,NA,NA,0,0,89,10,0,28
17J2,2020-07-13,17,90,juniper,45.45454545,Midday,40.5,NA,NA,NA,0,0,89,10,0,28
17J3,2020-07-13,17,90,juniper,47.26315789,Predawn,NA,NA,NA,NA,0,0,89,10,0,28
17J3,2020-07-13,17,90,juniper,47.26315789,Midday,39.68,NA,NA,NA,0,0,89,10,0,28
17J4,2020-07-13,17,90,juniper,46.08843537,Predawn,NA,NA,NA,NA,0,0,89,10,0,28
17J4,2020-07-13,17,90,juniper,46.08843537,Midday,38.78,NA,NA,NA,0,0,89,10,0,28
121,2020-07-15,12,45,pinon,NA,Predawn,47.31,-2.3,NA,NA,4.572,2.5146,83,8,0,29
121,2020-07-15,12,45,pinon,NA,Midday,NA,-2.4,NA,NA,4.572,2.5146,83,8,0,29
122,2020-07-15,12,45,pinon,NA,Predawn,45.14,-2.2,NA,NA,4.572,2.5146,83,8,0,29
122,2020-07-15,12,45,pinon,NA,Midday,NA,-2.5,NA,NA,4.572,2.5146,83,8,0,29
123,2020-07-15,12,45,pinon,NA,Predawn,48.02,-2.4,NA,NA,4.572,2.5146,83,8,0,29
123,2020-07-15,12,45,pinon,NA,Midday,NA,-2.5,NA,NA,4.572,2.5146,83,8,0,29
125,2020-07-15,12,45,pinon,NA,Predawn,48.24,-2.2,NA,NA,4.572,2.5146,83,8,0,29
125,2020-07-15,12,45,pinon,NA,Midday,NA,-2.5,NA,NA,4.572,2.5146,83,8,0,29
151,2020-07-15,15,75,pinon,NA,Predawn,46.17,-2.3,NA,NA,4.572,1.143,123,7,0,29
151,2020-07-15,15,75,pinon,NA,Midday,NA,-2.3,NA,NA,4.572,1.143,123,7,0,29
152,2020-07-15,15,75,pinon,NA,Predawn,51.18,-2.2,NA,NA,4.572,1.143,123,7,0,29
152,2020-07-15,15,75,pinon,NA,Midday,NA,-2.2,NA,NA,4.572,1.143,123,7,0,29
154,2020-07-15,15,75,pinon,NA,Predawn,47.12,-2.3,NA,NA,4.572,1.143,123,7,0,29
154,2020-07-15,15,75,pinon,NA,Midday,NA,-2.5,NA,NA,4.572,1.143,123,7,0,29
155,2020-07-15,15,75,pinon,NA,Predawn,48.28,-1.9,NA,NA,4.572,1.143,123,7,0,29
155,2020-07-15,15,75,pinon,NA,Midday,NA,-2.2,NA,NA,4.572,1.143,123,7,0,29
166,2020-07-15,16,0,pinon,NA,Predawn,48.41,-1.6,NA,NA,4.572,4.572,105,9,0,29
166,2020-07-15,16,0,pinon,NA,Midday,NA,-2.5,NA,NA,4.572,4.572,105,9,0,29
168,2020-07-15,16,0,pinon,NA,Predawn,50.37,-1.9,NA,NA,4.572,4.572,105,9,0,29
168,2020-07-15,16,0,pinon,NA,Midday,NA,-2.4,NA,NA,4.572,4.572,105,9,0,29
169,2020-07-15,16,0,pinon,NA,Predawn,48.4,-1.9,NA,NA,4.572,4.572,105,9,0,29
169,2020-07-15,16,0,pinon,NA,Midday,NA,-2.3,NA,NA,4.572,4.572,105,9,0,29
175,2020-07-15,17,90,pinon,NA,Predawn,47.15,-2,NA,NA,4.572,0.4571999999999999,89,10,0,29
175,2020-07-15,17,90,pinon,NA,Midday,NA,-2.2,NA,NA,4.572,0.4571999999999999,89,10,0,29
176,2020-07-15,17,90,pinon,NA,Predawn,47.3,-2.2,NA,NA,4.572,0.4571999999999999,89,10,0,29
176,2020-07-15,17,90,pinon,NA,Midday,NA,-2.4,NA,NA,4.572,0.4571999999999999,89,10,0,29
179,2020-07-15,17,90,pinon,NA,Predawn,47.5,-2,NA,NA,4.572,0.4571999999999999,89,10,0,29
179,2020-07-15,17,90,pinon,NA,Midday,NA,-2,NA,NA,4.572,0.4571999999999999,89,10,0,29
1611,2020-07-15,17,90,pinon,NA,Predawn,47.45,NA,NA,NA,4.572,0.4571999999999999,89,10,0,29
1611,2020-07-15,17,90,pinon,NA,Midday,NA,NA,NA,NA,4.572,0.4571999999999999,89,10,0,29
1712,2020-07-15,17,90,pinon,NA,Predawn,46.99,-2,NA,NA,4.572,0.4571999999999999,89,10,0,29
1712,2020-07-15,17,90,pinon,NA,Midday,NA,-2.2,NA,NA,4.572,0.4571999999999999,89,10,0,29
12J1,2020-07-15,12,45,juniper,40.302267,Predawn,35.51,-6,NA,NA,4.572,2.5146,83,8,0,29
12J1,2020-07-15,12,45,juniper,40.302267,Midday,33.63,-6.3,NA,NA,4.572,2.5146,83,8,0,29
12J2,2020-07-15,12,45,juniper,40.66496164,Predawn,34.61,-6.6,NA,NA,4.572,2.5146,83,8,0,29
12J2,2020-07-15,12,45,juniper,40.66496164,Midday,31.2,-6.1,NA,NA,4.572,2.5146,83,8,0,29
12J3,2020-07-15,12,45,juniper,42.30769231,Predawn,36.67,-5.5,NA,NA,4.572,2.5146,83,8,0,29
12J3,2020-07-15,12,45,juniper,42.30769231,Midday,32.74,-5.8,NA,NA,4.572,2.5146,83,8,0,29
12J4,2020-07-15,12,45,juniper,52.26890756,Predawn,38.78,-5.5,NA,NA,4.572,2.5146,83,8,0,29
12J4,2020-07-15,12,45,juniper,52.26890756,Midday,37.82,-5.7,NA,NA,4.572,2.5146,83,8,0,29
15J1,2020-07-15,15,75,juniper,NA,Predawn,37.62,-5,NA,NA,4.572,1.143,123,7,0,29
15J1,2020-07-15,15,75,juniper,NA,Midday,100,-5.3,NA,NA,4.572,1.143,123,7,0,29
15J2,2020-07-15,15,75,juniper,NA,Predawn,37.5,-4.8,NA,NA,4.572,1.143,123,7,0,29
15J2,2020-07-15,15,75,juniper,NA,Midday,100,-5.9,NA,NA,4.572,1.143,123,7,0,29
15J3,2020-07-15,15,75,juniper,NA,Predawn,41.5,-5.1,NA,NA,4.572,1.143,123,7,0,29
15J3,2020-07-15,15,75,juniper,NA,Midday,NA,-4.8,NA,NA,4.572,1.143,123,7,0,29
15J4,2020-07-15,15,75,juniper,NA,Predawn,41.03,-3.5,NA,NA,4.572,1.143,123,7,0,29
15J4,2020-07-15,15,75,juniper,NA,Midday,100,-4.2,NA,NA,4.572,1.143,123,7,0,29
16J1,2020-07-15,16,0,juniper,54.81611208,Predawn,45.43,-3.4,NA,NA,4.572,4.572,105,9,0,29
16J1,2020-07-15,16,0,juniper,54.81611208,Midday,40.28,-4.2,NA,NA,4.572,4.572,105,9,0,29
16J2,2020-07-15,16,0,juniper,49.72972973,Predawn,41.65,-3.2,NA,NA,4.572,4.572,105,9,0,29
16J2,2020-07-15,16,0,juniper,49.72972973,Midday,34.46,-3.9,NA,NA,4.572,4.572,105,9,0,29
16J3,2020-07-15,16,0,juniper,52.33033524,Predawn,41.18,-4.1,NA,NA,4.572,4.572,105,9,0,29
16J3,2020-07-15,16,0,juniper,52.33033524,Midday,37.29,-4.3,NA,NA,4.572,4.572,105,9,0,29
16J4,2020-07-15,16,0,juniper,46.53846154,Predawn,40.07,-3.8,NA,NA,4.572,4.572,105,9,0,29
16J4,2020-07-15,16,0,juniper,46.53846154,Midday,33.08,-4.6,NA,NA,4.572,4.572,105,9,0,29
17J1,2020-07-15,17,90,juniper,47.4916388,Predawn,40.55,-4.8,NA,NA,4.572,0.4571999999999999,89,10,0,29
17J1,2020-07-15,17,90,juniper,47.4916388,Midday,36.29,-5.3,NA,NA,4.572,0.4571999999999999,89,10,0,29
17J2,2020-07-15,17,90,juniper,47.23809524,Predawn,38.89,-4.5,NA,NA,4.572,0.4571999999999999,89,10,0,29
17J2,2020-07-15,17,90,juniper,47.23809524,Midday,37.33,-4.8,NA,NA,4.572,0.4571999999999999,89,10,0,29
17J3,2020-07-15,17,90,juniper,48.81355932,Predawn,28.96,-4.1,NA,NA,4.572,0.4571999999999999,89,10,0,29
17J3,2020-07-15,17,90,juniper,48.81355932,Midday,36.78,-4.5,NA,NA,4.572,0.4571999999999999,89,10,0,29
17J4,2020-07-15,17,90,juniper,44.16299559,Predawn,38.62,-4.6,NA,NA,4.572,0.4571999999999999,89,10,0,29
17J4,2020-07-15,17,90,juniper,44.16299559,Midday,36.01,-4.9,NA,NA,4.572,0.4571999999999999,89,10,0,29
121,2020-07-31,12,45,pinon,60.70336391,Predawn,NA,NA,NA,NA,1.27,0.6985000000000001,83,8,1,31
121,2020-07-31,12,45,pinon,60.70336391,Midday,51.99,NA,NA,NA,1.27,0.6985000000000001,83,8,1,31
122,2020-07-31,12,45,pinon,68.35443038,Predawn,NA,NA,NA,NA,1.27,0.6985000000000001,83,8,1,31
122,2020-07-31,12,45,pinon,68.35443038,Midday,58.73,NA,NA,NA,1.27,0.6985000000000001,83,8,1,31
123,2020-07-31,12,45,pinon,65.77060932,Predawn,NA,NA,NA,NA,1.27,0.6985000000000001,83,8,1,31
123,2020-07-31,12,45,pinon,65.77060932,Midday,50.55,NA,NA,NA,1.27,0.6985000000000001,83,8,1,31
125,2020-07-31,12,45,pinon,65.6394453,Predawn,NA,NA,NA,NA,1.27,0.6985000000000001,83,8,1,31
125,2020-07-31,12,45,pinon,65.6394453,Midday,53,NA,NA,NA,1.27,0.6985000000000001,83,8,1,31
151,2020-07-31,15,75,pinon,61.17647059,Predawn,NA,NA,NA,NA,1.27,0.3175,123,7,1,31
151,2020-07-31,15,75,pinon,61.17647059,Midday,50.59,NA,NA,NA,1.27,0.3175,123,7,1,31
152,2020-07-31,15,75,pinon,73.1292517,Predawn,NA,NA,NA,NA,1.27,0.3175,123,7,1,31
152,2020-07-31,15,75,pinon,73.1292517,Midday,60.54,NA,NA,NA,1.27,0.3175,123,7,1,31
154,2020-07-31,15,75,pinon,76.38121547,Predawn,NA,NA,NA,NA,1.27,0.3175,123,7,1,31
154,2020-07-31,15,75,pinon,76.38121547,Midday,65.61,NA,NA,NA,1.27,0.3175,123,7,1,31
155,2020-07-31,15,75,pinon,70.19400353,Predawn,NA,NA,NA,NA,1.27,0.3175,123,7,1,31
155,2020-07-31,15,75,pinon,70.19400353,Midday,55.56,NA,NA,NA,1.27,0.3175,123,7,1,31
166,2020-07-31,16,0,pinon,61.01694915,Predawn,NA,NA,NA,NA,1.27,1.27,105,9,1,31
166,2020-07-31,16,0,pinon,61.01694915,Midday,54.24,NA,NA,NA,1.27,1.27,105,9,1,31
168,2020-07-31,16,0,pinon,62.5,Predawn,NA,NA,NA,NA,1.27,1.27,105,9,1,31
168,2020-07-31,16,0,pinon,62.5,Midday,49.19,NA,NA,NA,1.27,1.27,105,9,1,31
169,2020-07-31,16,0,pinon,77.66323024,Predawn,NA,NA,NA,NA,1.27,1.27,105,9,1,31
169,2020-07-31,16,0,pinon,77.66323024,Midday,63.92,NA,NA,NA,1.27,1.27,105,9,1,31
175,2020-07-31,17,90,pinon,61.06719368,Predawn,NA,NA,NA,NA,1.27,0.12699999999999997,89,10,1,31
175,2020-07-31,17,90,pinon,61.06719368,Midday,53.95,NA,NA,NA,1.27,0.12699999999999997,89,10,1,31
176,2020-07-31,17,90,pinon,63.97515528,Predawn,NA,NA,NA,NA,1.27,0.12699999999999997,89,10,1,31
176,2020-07-31,17,90,pinon,63.97515528,Midday,48.7,NA,NA,NA,1.27,0.12699999999999997,89,10,1,31
179,2020-07-31,17,90,pinon,64.20890937,Predawn,NA,NA,NA,NA,1.27,0.12699999999999997,89,10,1,31
179,2020-07-31,17,90,pinon,64.20890937,Midday,58.99,NA,NA,NA,1.27,0.12699999999999997,89,10,1,31
1611,2020-07-31,17,90,pinon,67.35395189,Predawn,NA,NA,NA,NA,1.27,0.12699999999999997,89,10,1,31
1611,2020-07-31,17,90,pinon,67.35395189,Midday,56.01,NA,NA,NA,1.27,0.12699999999999997,89,10,1,31
1712,2020-07-31,17,90,pinon,71.5625,Predawn,NA,NA,NA,NA,1.27,0.12699999999999997,89,10,1,31
1712,2020-07-31,17,90,pinon,71.5625,Midday,60.94,NA,NA,NA,1.27,0.12699999999999997,89,10,1,31
12J1,2020-07-31,12,45,juniper,48.34558824,Predawn,NA,NA,NA,NA,1.27,0.6985000000000001,83,8,1,31
12J1,2020-07-31,12,45,juniper,48.34558824,Midday,44.49,NA,NA,NA,1.27,0.6985000000000001,83,8,1,31
12J2,2020-07-31,12,45,juniper,48.60853432,Predawn,NA,NA,NA,NA,1.27,0.6985000000000001,83,8,1,31
12J2,2020-07-31,12,45,juniper,48.60853432,Midday,43.04,NA,NA,NA,1.27,0.6985000000000001,83,8,1,31
12J3,2020-07-31,12,45,juniper,51.85185185,Predawn,NA,NA,NA,NA,1.27,0.6985000000000001,83,8,1,31
12J3,2020-07-31,12,45,juniper,51.85185185,Midday,46.3,NA,NA,NA,1.27,0.6985000000000001,83,8,1,31
12J4,2020-07-31,12,45,juniper,57.57575758,Predawn,NA,NA,NA,NA,1.27,0.6985000000000001,83,8,1,31
12J4,2020-07-31,12,45,juniper,57.57575758,Midday,47.93,NA,NA,NA,1.27,0.6985000000000001,83,8,1,31
15J1,2020-07-31,15,75,juniper,50.5942275,Predawn,NA,NA,NA,NA,1.27,0.3175,123,7,1,31
15J1,2020-07-31,15,75,juniper,50.5942275,Midday,44.31,NA,NA,NA,1.27,0.3175,123,7,1,31
15J2,2020-07-31,15,75,juniper,51.33819951,Predawn,NA,NA,NA,NA,1.27,0.3175,123,7,1,31
15J2,2020-07-31,15,75,juniper,51.33819951,Midday,45.74,NA,NA,NA,1.27,0.3175,123,7,1,31
15J3,2020-07-31,15,75,juniper,49.55489614,Predawn,NA,NA,NA,NA,1.27,0.3175,123,7,1,31
15J3,2020-07-31,15,75,juniper,49.55489614,Midday,46.29,NA,NA,NA,1.27,0.3175,123,7,1,31
15J4,2020-07-31,15,75,juniper,54.91803279,Predawn,NA,NA,NA,NA,1.27,0.3175,123,7,1,31
15J4,2020-07-31,15,75,juniper,54.91803279,Midday,49.18,NA,NA,NA,1.27,0.3175,123,7,1,31
16J1,2020-07-31,16,0,juniper,57.73955774,Predawn,NA,NA,NA,NA,1.27,1.27,105,9,1,31
16J1,2020-07-31,16,0,juniper,57.73955774,Midday,53.81,NA,NA,NA,1.27,1.27,105,9,1,31
16J2,2020-07-31,16,0,juniper,60.19900498,Predawn,NA,NA,NA,NA,1.27,1.27,105,9,1,31
16J2,2020-07-31,16,0,juniper,60.19900498,Midday,51.24,NA,NA,NA,1.27,1.27,105,9,1,31
16J3,2020-07-31,16,0,juniper,52.15419501,Predawn,NA,NA,NA,NA,1.27,1.27,105,9,1,31
16J3,2020-07-31,16,0,juniper,52.15419501,Midday,47.62,NA,NA,NA,1.27,1.27,105,9,1,31
16J4,2020-07-31,16,0,juniper,54.7112462,Predawn,NA,NA,NA,NA,1.27,1.27,105,9,1,31
16J4,2020-07-31,16,0,juniper,54.7112462,Midday,49.24,NA,NA,NA,1.27,1.27,105,9,1,31
17J1,2020-07-31,17,90,juniper,60.55776892,Predawn,NA,NA,NA,NA,1.27,0.12699999999999997,89,10,1,31
17J1,2020-07-31,17,90,juniper,60.55776892,Midday,49.8,NA,NA,NA,1.27,0.12699999999999997,89,10,1,31
17J2,2020-07-31,17,90,juniper,52.75862069,Predawn,NA,NA,NA,NA,1.27,0.12699999999999997,89,10,1,31
17J2,2020-07-31,17,90,juniper,52.75862069,Midday,44.83,NA,NA,NA,1.27,0.12699999999999997,89,10,1,31
17J3,2020-07-31,17,90,juniper,46.65605096,Predawn,NA,NA,NA,NA,1.27,0.12699999999999997,89,10,1,31
17J3,2020-07-31,17,90,juniper,46.65605096,Midday,41.88,NA,NA,NA,1.27,0.12699999999999997,89,10,1,31
17J4,2020-07-31,17,90,juniper,50.41436464,Predawn,NA,NA,NA,NA,1.27,0.12699999999999997,89,10,1,31
17J4,2020-07-31,17,90,juniper,50.41436464,Midday,43.51,NA,NA,NA,1.27,0.12699999999999997,89,10,1,31
1611,2020-07-01,16,0,pinon,NA,Predawn,NA,-2.1,NA,NA,0,0,105,9,0,27
1611,2020-07-08,16,0,pinon,NA,Predawn,NA,-1.8,NA,NA,0,0,105,9,0,28
1611,2020-07-15,16,0,pinon,NA,Predawn,NA,-1.8,NA,NA,4.572,4.572,105,9,0,29
121,2020-08-18,12,45,pinon,NA,Predawn,NA,-1.8,NA,NA,0,0,83,8,1,33
122,2020-08-18,12,45,pinon,NA,Predawn,NA,-2.4,NA,NA,0,0,83,8,1,33
123,2020-08-18,12,45,pinon,NA,Predawn,NA,-1.2,NA,NA,0,0,83,8,1,33
125,2020-08-18,12,45,pinon,NA,Predawn,NA,-2,NA,NA,0,0,83,8,1,33
12J1,2020-08-18,12,45,juniper,NA,Predawn,NA,-2.8,NA,NA,0,0,83,8,1,33
12J2,2020-08-18,12,45,juniper,NA,Predawn,NA,-3,NA,NA,0,0,83,8,1,33
12J3,2020-08-18,12,45,juniper,NA,Predawn,NA,-2.9,NA,NA,0,0,83,8,1,33
12J4,2020-08-18,12,45,juniper,NA,Predawn,NA,-3.1,NA,NA,0,0,83,8,1,33
15J1,2020-08-18,15,75,juniper,NA,Predawn,NA,-3.5,NA,NA,0,0,123,7,1,33
15J2,2020-08-18,15,75,juniper,NA,Predawn,NA,-3.5,NA,NA,0,0,123,7,1,33
15J3,2020-08-18,15,75,juniper,NA,Predawn,NA,-3.1,NA,NA,0,0,123,7,1,33
15J4,2020-08-18,15,75,juniper,NA,Predawn,NA,-3,NA,NA,0,0,123,7,1,33
151,2020-08-18,15,75,pinon,NA,Predawn,NA,-2.3,NA,NA,0,0,123,7,1,33
152,2020-08-18,15,75,pinon,NA,Predawn,NA,-2.1,NA,NA,0,0,123,7,1,33
154,2020-08-18,15,75,pinon,NA,Predawn,NA,-2.2,NA,NA,0,0,123,7,1,33
155,2020-08-18,15,75,pinon,NA,Predawn,NA,-2.5,NA,NA,0,0,123,7,1,33
16J1,2020-08-18,16,0,juniper,NA,Predawn,NA,-1.6,NA,NA,0,0,105,9,1,33
16J2,2020-08-18,16,0,juniper,NA,Predawn,NA,-1.9,NA,NA,0,0,105,9,1,33
16J3,2020-08-18,16,0,juniper,NA,Predawn,NA,-2,NA,NA,0,0,105,9,1,33
16J4,2020-08-18,16,0,juniper,NA,Predawn,NA,-1.8,NA,NA,0,0,105,9,1,33
166,2020-08-18,16,0,pinon,NA,Predawn,NA,-2.1,NA,NA,0,0,105,9,1,33
168,2020-08-18,16,0,pinon,NA,Predawn,NA,-1.7,NA,NA,0,0,105,9,1,33
169,2020-08-18,16,0,pinon,NA,Predawn,NA,-2,NA,NA,0,0,105,9,1,33
1611,2020-08-18,16,0,pinon,NA,Predawn,NA,-2,NA,NA,0,0,105,9,1,33
175,2020-08-18,17,90,pinon,NA,Predawn,NA,-2.2,NA,NA,0,0,89,10,1,33
176,2020-08-18,17,90,pinon,NA,Predawn,NA,-2.2,NA,NA,0,0,89,10,1,33
179,2020-08-18,17,90,pinon,NA,Predawn,NA,-2.5,NA,NA,0,0,89,10,1,33
1712,2020-08-18,17,90,pinon,NA,Predawn,NA,-2.5,NA,NA,0,0,89,10,1,33
17J1,2020-08-18,17,90,juniper,NA,Predawn,NA,-4.5,NA,NA,0,0,89,10,1,33
17J2,2020-08-18,17,90,juniper,NA,Predawn,NA,-3,NA,NA,0,0,89,10,1,33
17J3,2020-08-18,17,90,juniper,NA,Predawn,NA,-3.3,NA,NA,0,0,89,10,1,33
17J4,2020-08-18,17,90,juniper,NA,Predawn,NA,-3.6,NA,NA,0,0,89,10,1,33
1611,2020-07-01,16,0,pinon,NA,Midday,NA,-2.3,NA,NA,0,0,105,9,0,27
1611,2020-07-08,16,0,pinon,NA,Midday,NA,-2,NA,NA,0,0,105,9,0,28
1611,2020-07-15,16,0,pinon,NA,Midday,NA,-2,NA,NA,4.572,4.572,105,9,0,29
121,2020-08-18,12,45,pinon,NA,Midday,NA,-2.6,NA,NA,0,0,83,8,1,33
122,2020-08-18,12,45,pinon,NA,Midday,NA,-1.9,NA,NA,0,0,83,8,1,33
123,2020-08-18,12,45,pinon,NA,Midday,NA,-2.1,NA,NA,0,0,83,8,1,33
125,2020-08-18,12,45,pinon,NA,Midday,NA,-2.1,NA,NA,0,0,83,8,1,33
12J1,2020-08-18,12,45,juniper,NA,Midday,NA,-4.1,NA,NA,0,0,83,8,1,33
12J2,2020-08-18,12,45,juniper,NA,Midday,NA,-3.6,NA,NA,0,0,83,8,1,33
12J3,2020-08-18,12,45,juniper,NA,Midday,NA,-3.9,NA,NA,0,0,83,8,1,33
12J4,2020-08-18,12,45,juniper,NA,Midday,NA,-4,NA,NA,0,0,83,8,1,33
15J1,2020-08-18,15,75,juniper,NA,Midday,NA,-4.8,NA,NA,0,0,123,7,1,33
15J2,2020-08-18,15,75,juniper,NA,Midday,NA,-4.4,NA,NA,0,0,123,7,1,33
15J3,2020-08-18,15,75,juniper,NA,Midday,NA,-4.5,NA,NA,0,0,123,7,1,33
15J4,2020-08-18,15,75,juniper,NA,Midday,NA,-4.1,NA,NA,0,0,123,7,1,33
151,2020-08-18,15,75,pinon,NA,Midday,NA,-2.6,NA,NA,0,0,123,7,1,33
152,2020-08-18,15,75,pinon,NA,Midday,NA,-2.9,NA,NA,0,0,123,7,1,33
154,2020-08-18,15,75,pinon,NA,Midday,NA,-2.5,NA,NA,0,0,123,7,1,33
155,2020-08-18,15,75,pinon,NA,Midday,NA,-2.6,NA,NA,0,0,123,7,1,33
16J1,2020-08-18,16,0,juniper,NA,Midday,NA,-3.8,NA,NA,0,0,105,9,1,33
16J2,2020-08-18,16,0,juniper,NA,Midday,NA,-3,NA,NA,0,0,105,9,1,33
16J3,2020-08-18,16,0,juniper,NA,Midday,NA,-3.1,NA,NA,0,0,105,9,1,33
16J4,2020-08-18,16,0,juniper,NA,Midday,NA,-3.3,NA,NA,0,0,105,9,1,33
166,2020-08-18,16,0,pinon,NA,Midday,NA,-2.4,NA,NA,0,0,105,9,1,33
168,2020-08-18,16,0,pinon,NA,Midday,NA,-2.8,NA,NA,0,0,105,9,1,33
169,2020-08-18,16,0,pinon,NA,Midday,NA,-2.7,NA,NA,0,0,105,9,1,33
1611,2020-08-18,16,0,pinon,NA,Midday,NA,-2.7,NA,NA,0,0,105,9,1,33
175,2020-08-18,17,90,pinon,NA,Midday,NA,-2.6,NA,NA,0,0,89,10,1,33
176,2020-08-18,17,90,pinon,NA,Midday,NA,-2.5,NA,NA,0,0,89,10,1,33
179,2020-08-18,17,90,pinon,NA,Midday,NA,-2.5,NA,NA,0,0,89,10,1,33
1712,2020-08-18,17,90,pinon,NA,Midday,NA,-2.7,NA,NA,0,0,89,10,1,33
17J1,2020-08-18,17,90,juniper,NA,Midday,NA,-5.3,NA,NA,0,0,89,10,1,33
17J2,2020-08-18,17,90,juniper,NA,Midday,NA,-4,NA,NA,0,0,89,10,1,33
17J3,2020-08-18,17,90,juniper,NA,Midday,NA,-4.5,NA,NA,0,0,89,10,1,33
17J4,2020-08-18,17,90,juniper,NA,Midday,NA,-4.1,NA,NA,0,0,89,10,1,33
12J1,2020-06-30,12,45,juniper,NA,NA,NA,NA,1.497465019,0.009848664,0,0,83,8,0,26
12J2,2020-06-30,12,45,juniper,NA,NA,NA,NA,0.21778306,0.006447473,0,0,83,8,0,26
12J3,2020-06-30,12,45,juniper,NA,NA,NA,NA,1.019667922,0.009072469,0,0,83,8,0,26
12J4,2020-06-30,12,45,juniper,NA,NA,NA,NA,2.763782346,0.019804052,0,0,83,8,0,26
15J1,2020-06-30,15,75,juniper,NA,NA,NA,NA,3.13301089,0.019783038,0,0,123,7,0,26
15J2,2020-06-30,15,75,juniper,NA,NA,NA,NA,2.284101347,0.016328183,0,0,123,7,0,26
15J3,2020-06-30,15,75,juniper,NA,NA,NA,NA,4.515556307,0.033685087,0,0,123,7,0,26
15J4,2020-06-30,15,75,juniper,NA,NA,NA,NA,3.303287847,0.025332583,0,0,123,7,0,26
16J1,2020-06-30,16,0,juniper,NA,NA,NA,NA,3.643688701,0.024477849,0,0,105,9,0,26
16J2,2020-06-30,16,0,juniper,NA,NA,NA,NA,5.51647637,0.041395369,0,0,105,9,0,26
16J3,2020-06-30,16,0,juniper,NA,NA,NA,NA,6.140509689,0.05147334,0,0,105,9,0,26
16J4,2020-06-30,16,0,juniper,NA,NA,NA,NA,5.273049371,0.040317814,0,0,105,9,0,26
17J1,2020-06-30,17,90,juniper,NA,NA,NA,NA,3.852917429,0.028583377,0,0,89,10,0,26
17J2,2020-06-30,17,90,juniper,NA,NA,NA,NA,4.27734471,0.030462505,0,0,89,10,0,26
17J3,2020-06-30,17,90,juniper,NA,NA,NA,NA,4.570691921,0.033783911,0,0,89,10,0,26
17J4,2020-06-30,17,90,juniper,NA,NA,NA,NA,3.077617663,0.021074595,0,0,89,10,0,26
121,2020-07-01,12,45,pinon,NA,NA,NA,NA,-0.141486266,8.93766e-5,0,0,83,8,0,27
122,2020-07-01,12,45,pinon,NA,NA,NA,NA,-0.266729907,-3.44485e-4,0,0,83,8,0,27
123,2020-07-01,12,45,pinon,NA,NA,NA,NA,-0.080690606,0.009792373,0,0,83,8,0,27
125,2020-07-01,12,45,pinon,NA,NA,NA,NA,-0.231577129,-4.16404e-4,0,0,83,8,0,27
151,2020-07-01,15,75,pinon,NA,NA,NA,NA,0.129652433,0.001603592,0,0,123,7,0,27
152,2020-07-01,15,75,pinon,NA,NA,NA,NA,0.287910378,0.00646907,0,0,123,7,0,27
154,2020-07-01,15,75,pinon,NA,NA,NA,NA,-0.167557314,0.00604457,0,0,123,7,0,27
155,2020-07-01,15,75,pinon,NA,NA,NA,NA,-0.220161805,0.004046125,0,0,123,7,0,27
1611,2020-07-01,16,0,pinon,NA,NA,NA,NA,-0.146925337,-0.002431753,0,0,105,9,0,27
166,2020-07-01,16,0,pinon,NA,NA,NA,NA,-0.247101607,-0.001910819,0,0,105,9,0,27
168,2020-07-01,16,0,pinon,NA,NA,NA,NA,0.54196292,0.005563774,0,0,105,9,0,27
169,2020-07-01,16,0,pinon,NA,NA,NA,NA,-0.165467097,0.001378592,0,0,105,9,0,27
1712,2020-07-01,17,90,pinon,NA,NA,NA,NA,-0.238542286,-0.002564598,0,0,89,10,0,27
175,2020-07-01,17,90,pinon,NA,NA,NA,NA,0.515285976,0.005324488,0,0,89,10,0,27
176,2020-07-01,17,90,pinon,NA,NA,NA,NA,-0.08891093,0.00433364,0,0,89,10,0,27
179,2020-07-01,17,90,pinon,NA,NA,NA,NA,-0.24125186,0.003314731,0,0,89,10,0,27
121,2020-07-14,12,45,pinon,NA,NA,NA,NA,-0.195554833,0.006368315,0,0,83,8,0,28
122,2020-07-14,12,45,pinon,NA,NA,NA,NA,-0.015706914,0.001962882,0,0,83,8,0,28
123,2020-07-14,12,45,pinon,NA,NA,NA,NA,-0.054133377,-7.10729e-4,0,0,83,8,0,28
125,2020-07-14,12,45,pinon,NA,NA,NA,NA,-0.071752495,6.56646e-4,0,0,83,8,0,28
12J1,2020-07-14,12,45,juniper,NA,NA,NA,NA,-0.071680329,0.003011967,0,0,83,8,0,28
12J2,2020-07-14,12,45,juniper,NA,NA,NA,NA,-0.151636062,0.001463314,0,0,83,8,0,28
12J3,2020-07-14,12,45,juniper,NA,NA,NA,NA,-0.139964482,0.00393072,0,0,83,8,0,28
12J4,2020-07-14,12,45,juniper,NA,NA,NA,NA,0.26947434,0.002714592,0,0,83,8,0,28
151,2020-07-14,15,75,pinon,NA,NA,NA,NA,-0.099014489,1.82879e-4,0,0,123,7,0,28
152,2020-07-14,15,75,pinon,NA,NA,NA,NA,-0.174890184,-1.62214e-4,0,0,123,7,0,28
154,2020-07-14,15,75,pinon,NA,NA,NA,NA,-0.157376321,0.004395449,0,0,123,7,0,28
155,2020-07-14,15,75,pinon,NA,NA,NA,NA,-0.312021759,0.012507951,0,0,123,7,0,28
15J1,2020-07-14,15,75,juniper,NA,NA,NA,NA,-0.165783443,7.06813e-4,0,0,123,7,0,28
15J2,2020-07-14,15,75,juniper,NA,NA,NA,NA,0.987631321,0.005001721,0,0,123,7,0,28
15J3,2020-07-14,15,75,juniper,NA,NA,NA,NA,-0.118010816,0.00126897,0,0,123,7,0,28
15J4,2020-07-14,15,75,juniper,NA,NA,NA,NA,0.856371069,0.014008119,0,0,123,7,0,28
1611,2020-07-14,16,0,pinon,NA,NA,NA,NA,-0.109373242,-0.002564792,0,0,105,9,0,28
166,2020-07-14,16,0,pinon,NA,NA,NA,NA,-0.070957647,0.001509174,0,0,105,9,0,28
168,2020-07-14,16,0,pinon,NA,NA,NA,NA,0.09265283,0.003230897,0,0,105,9,0,28
169,2020-07-14,16,0,pinon,NA,NA,NA,NA,0.222830853,0.007070696,0,0,105,9,0,28
16J1,2020-07-14,16,0,juniper,NA,NA,NA,NA,3.357115159,0.027858591,0,0,105,9,0,28
16J2,2020-07-14,16,0,juniper,NA,NA,NA,NA,1.054194601,0.008984038,0,0,105,9,0,28
16J3,2020-07-14,16,0,juniper,NA,NA,NA,NA,1.985186533,0.019379483,0,0,105,9,0,28
16J4,2020-07-14,16,0,juniper,NA,NA,NA,NA,2.030135694,0.014381467,0,0,105,9,0,28
1712,2020-07-14,17,90,pinon,NA,NA,NA,NA,-0.041865425,0.006140237,0,0,89,10,0,28
175,2020-07-14,17,90,pinon,NA,NA,NA,NA,0.027332562,0.002702939,0,0,89,10,0,28
176,2020-07-14,17,90,pinon,NA,NA,NA,NA,-0.13892096,0.00356977,0,0,89,10,0,28
179,2020-07-14,17,90,pinon,NA,NA,NA,NA,0.003396887,0.004055633,0,0,89,10,0,28
17J1,2020-07-14,17,90,juniper,NA,NA,NA,NA,1.858678396,0.023705984,0,0,89,10,0,28
17J2,2020-07-14,17,90,juniper,NA,NA,NA,NA,0.735799959,0.008248582,0,0,89,10,0,28
17J3,2020-07-14,17,90,juniper,NA,NA,NA,NA,2.837873315,0.017863737,0,0,89,10,0,28
17J4,2020-07-14,17,90,juniper,NA,NA,NA,NA,0.543098494,0.003417049,0,0,89,10,0,28
166,2020-08-01,16,0,pinon,NA,NA,NA,NA,29.17331055,0.101115767,0.254,0.254,105,9,1,31
168,2020-08-01,16,0,pinon,NA,NA,NA,NA,12.86027736,0.228641356,0.254,0.254,105,9,1,31
169,2020-08-01,16,0,pinon,NA,NA,NA,NA,30.21563686,0.214314556,0.254,0.254,105,9,1,31
1611,2020-08-01,16,0,pinon,NA,NA,NA,NA,28.21467753,0.186870895,0.254,0.254,105,9,1,31
152,2020-08-01,15,75,pinon,NA,NA,NA,NA,25.77978681,0.200481933,0.254,0.0635,123,7,1,31
151,2020-08-01,15,75,pinon,NA,NA,NA,NA,23.70988587,0.22991302,0.254,0.0635,123,7,1,31
154,2020-08-01,15,75,pinon,NA,NA,NA,NA,11.71302091,0.098969767,0.254,0.0635,123,7,1,31
155,2020-08-01,15,75,pinon,NA,NA,NA,NA,28.69373319,0.205878747,0.254,0.0635,123,7,1,31
1712,2020-08-01,17,90,pinon,NA,NA,NA,NA,0.289590753,0.007911008,0.254,0.025399999999999995,89,10,1,31
179,2020-08-01,17,90,pinon,NA,NA,NA,NA,10.07772144,0.092479275,0.254,0.025399999999999995,89,10,1,31
176,2020-08-01,17,90,pinon,NA,NA,NA,NA,23.41134022,0.160065817,0.254,0.025399999999999995,89,10,1,31
175,2020-08-01,17,90,pinon,NA,NA,NA,NA,32.95539021,0.306003502,0.254,0.025399999999999995,89,10,1,31
122,2020-08-01,12,45,pinon,NA,NA,NA,NA,5.753641181,0.146857031,0.254,0.13970000000000002,83,8,1,31
121,2020-08-01,12,45,pinon,NA,NA,NA,NA,2.109980808,0.011520911,0.254,0.13970000000000002,83,8,1,31
125,2020-08-01,12,45,pinon,NA,NA,NA,NA,6.491593222,0.064885102,0.254,0.13970000000000002,83,8,1,31
123,2020-08-01,12,45,pinon,NA,NA,NA,NA,0.983650771,0.11029485,0.254,0.13970000000000002,83,8,1,31
12J4,2020-08-01,12,45,juniper,NA,NA,NA,NA,13.16647786,0.118118314,0.254,0.13970000000000002,83,8,1,31
12J3,2020-08-01,12,45,juniper,NA,NA,NA,NA,16.23484391,0.146528416,0.254,0.13970000000000002,83,8,1,31
12J2,2020-08-01,12,45,juniper,NA,NA,NA,NA,13.33544163,0.127904677,0.254,0.13970000000000002,83,8,1,31
12J1,2020-08-01,12,45,juniper,NA,NA,NA,NA,32.79246637,0.325233364,0.254,0.13970000000000002,83,8,1,31
17J3,2020-08-01,17,90,juniper,NA,NA,NA,NA,21.05994249,0.212240294,0.254,0.025399999999999995,89,10,1,31
17J1,2020-08-01,17,90,juniper,NA,NA,NA,NA,16.28321688,0.163902363,0.254,0.025399999999999995,89,10,1,31
17J4,2020-08-01,17,90,juniper,NA,NA,NA,NA,22.06849775,0.167246312,0.254,0.025399999999999995,89,10,1,31
17J2,2020-08-01,17,90,juniper,NA,NA,NA,NA,17.7742223,0.139277117,0.254,0.025399999999999995,89,10,1,31
15J3,2020-08-01,15,75,juniper,NA,NA,NA,NA,13.26328134,0.136565316,0.254,0.0635,123,7,1,31
15J4,2020-08-01,15,75,juniper,NA,NA,NA,NA,10.79742713,0.174003484,0.254,0.0635,123,7,1,31
15J1,2020-08-01,15,75,juniper,NA,NA,NA,NA,5.473995271,0.07075777,0.254,0.0635,123,7,1,31
15J2,2020-08-01,15,75,juniper,NA,NA,NA,NA,13.28263212,0.170645272,0.254,0.0635,123,7,1,31
16J4,2020-08-01,16,0,juniper,NA,NA,NA,NA,7.816701658,0.114146225,0.254,0.254,105,9,1,31
16J3,2020-08-01,16,0,juniper,NA,NA,NA,NA,27.14680189,0.356417263,0.254,0.254,105,9,1,31
16J2,2020-08-01,16,0,juniper,NA,NA,NA,NA,13.37017296,0.207560186,0.254,0.254,105,9,1,31
16J1,2020-08-01,16,0,juniper,NA,NA,NA,NA,18.11427327,0.207954024,0.254,0.254,105,9,1,31
